ui ux designer, 163
design, 1736
non tech, 9053
senior, 5595
remote, 8405
dev, 10858
computer science, 1780
ethereum, 4404
ethereumjs, 2
sales, 2229
partnership, 218
front end, 958
javascript, 2322
nextjs, 103
solidity, 2964
c plus plus, 140
full stack, 916
golang, 818
sys admin, 364
crypto, 1079
devops, 491
growth, 333
ai, 51
community manager, 779
blockchain, 2094
business development, 481
lead, 1856
virtual reality, 4
data science, 745
analyst, 1763
defi, 3398
polygon, 364
social media, 392
content writer, 102
solana, 1141
react, 2553
backend, 1026
metaverse, 118
executive, 4268
erc 20, 45
unity, 70
game dev, 391
pr, 76
head of design, 19
web designer, 25
accounting, 450
finance, 1447
compliance, 547
quality assurance, 560
java, 1465
rust, 1172
writer, 329
technical writer, 84
zero knowledge, 90
web3js, 436
hardhat, 52
product manager, 1514
intern, 891
entry level, 1218
nft, 3286
product designer, 377
mobile, 585
react native, 354
artist, 114
vfx, 110
economy designer, 41
motion designer, 18
developer advocate, 41
ruby, 278
customer success, 169
legal, 625
c, 134
unreal engine, 15
security, 831
architecture, 269
marketing manager, 496
product marketing, 154
marketing, 2558
project manager, 335
account manager, 324
quantitative, 96
operations, 1155
copywriting, 323
infrastructure, 144
research, 556
head of marketing, 24
cmo, 123
developer relations, 99
ux researcher, 43
growth marketing, 95
open source, 44
tech lead, 154
scala, 249
virtual assistant, 41
api, 81
c sharp, 17
scientist, 179
ios, 138
android, 140
cloud, 123
hr, 218
marketing analyst, 13
content marketing, 58
office, 366
customer support, 812
node, 1078
machine learning, 76
video, 72
head of sales, 34
discord, 25
junior, 357
css, 10
sql, 3
ecommerce, 30
evm, 223
moderator, 13
full time, 194
dao, 55
graphic designer, 96
brand, 140
aws, 16
cto, 111
co founder, 91
ycombinator, 82
truffle, 190
recruiter, 735
marketing specialist, 58
marketing communication, 9
digital marketing, 46
embedded, 20
hardware, 16
prompt, 1
gpt, 2
education, 61
typescript, 18
creative director, 57
seo, 53
visual designer, 43
office manager, 5
web3, 3
teaching, 21
cfo, 33
vc, 84
big data, 22
consulting, 80
a16z, 31
music, 24
python, 139
erc 721, 21
data entry, 4
graphql, 3
events manager, 79
openzeppelin, 22
founding member, 44
founding engineer, 10
kyc, 131
trader, 91
smart contract, 512
admin, 11
gtm, 21
marketing lead, 62
stats, 133
brand marketing, 12
ads, 5
vue, 68
stacks, 9
email marketing, 9
zk snark, 16
dot net, 32
contracting, 6
dba, 4
part time, 74
marketing strategist, 3
flutter, 18
dart, 1
salesforce, 19
sales engineer, 17
linux, 18
translator, 25
decentralize, 1
growth hacker, 14
compiler, 9
btc, 30
saas, 35
erc 1155, 9
php, 105
docker, 3
angular, 9
3d, 74
phd, 6
eos, 2
freelance, 30
dapp, 30
nosql, 3
product lead, 35
affiliate, 48
crm, 36
refi, 9
brand designer, 10
mongo, 3
scrum, 23
journalist, 12
figma, 2
nlp, 3
vp of marketing, 10
illustrator, 27
firebase, 2
erc, 21
decentralized, 8
linode, 1
no experience, 18
swift, 10
mern, 1
haskell, 4
elixir, 42
web3 py, 4
html, 4
data viz, 3
dataops, 4
agile, 3
remix, 5
work from home, 218
chatbot, 11
open stack, 1
after effects, 1
art direction, 6
esports, 5
community manger, 1
blocklchain, 1
fron end, 1
fullstack, 1
markteting, 1
frontend, 1
postgres, 2
laravel, 1
wordpress, 8
amazon, 1
xamarin, 1
tezos, 3
user acquisition, 15
kyb, 2
speech, 1
lead designer, 3
robotics, 1
math, 1
apache, 2
design manager, 25
clojure, 2
erlang, 2
hadoop, 1
web dev, 2
macos, 1
interm, 1
ganache, 2
lisp, 1
